name,description,category
IT Department,"Handles software, hardware, and technical operations",corporate
Finance Department,"Manages budgeting, payments, and financial reporting",church
Human Resources Department,"Responsible for recruitment, welfare, and staff management",church
Operations Department,Oversees general business operations,corporate
Community Outreach Department,"Organizes outreach programs and engages with local communities",church
Worship Department,"Coordinates services, worship sessions, and spiritual events",church
Church Administration Department,"Manages day-to-day church operations, staff, and logistics",church
Volunteer Department,"Coordinates and organizes volunteers for church and community events",church
Mission Department,"Leads outreach programs, mission trips, and international aid efforts",church
Youth Ministry Department,"Focuses on spiritual education and outreach for young people",church
Children's Ministry Department,"Provides educational programs and activities for children",church
Adult Ministry Department,"Organizes adult bible study groups, spiritual growth, and fellowship",church
Prayer Ministry Department,"Supports and leads prayer meetings and prayer chains",church
Music Ministry Department,"Oversees music programs, including choirs and worship bands",church
Legal Department,"Provides legal counsel and manages legal risks",corporate
Bible Study Department,"Organizes and facilitates bible study groups and educational sessions",church
Church Finance Department,"Handles the church's financial affairs, including budgeting and tithing",church
Pastoral Care Department,"Provides counseling, care, and support to church members",church
Event Planning Department,"Organizes church events, conferences, and special services",church
Church Communications Department,"Manages internal and external communications, including newsletters",church
Newcomer Integration Department,"Helps integrate new members into the church community",church
Counseling Department,"Offers spiritual and emotional counseling to church members",church
Senior Ministry Department,"Provides spiritual support and programs for elderly members",church
Marriage and Family Ministry Department,"Supports families and couples through counseling and educational resources",church
Church Media Department,"Manages church media presence, including video and live-streaming",church
Outreach and Evangelism Department,"Focuses on spreading the gospel and community outreach programs",church
Social Justice Department,"Focuses on advocacy, equality, and social justice initiatives",church
International Missions Department,"Coordinates global mission efforts, helping communities abroad",church
Church Facilities Department,"Manages church building maintenance, safety, and resources",church
Marketing Department,"Handles advertising, branding, and public relations",corporate
Sales Department,"Manages sales strategies, client acquisition, and customer relationships",corporate
Customer Support Department,"Supports customers through queries, issues, and service requests",corporate
Research and Development Department,"Focuses on product innovation and technological advancements",corporate
Product Management Department,"Oversees product life cycles, from ideation to delivery",corporate
Logistics Department,"Manages the transportation and delivery of goods",corporate
Purchasing Department,"Handles procurement of materials, services, and products",corporate
Security Department,"Ensures safety and security of premises and personnel",corporate
IT Support Department,"Provides technical support and troubleshooting for IT issues",corporate
Compliance Department,"Ensures adherence to laws, regulations, and company policies",corporate
Public Relations Department,"Manages company communications and media relations",corporate
Quality Assurance Department,"Monitors and ensures product and service quality standards",corporate
Training and Development Department,"Provides employee development, skill-building, and training programs",corporate
Sustainability Department,"Focuses on environmental impact, sustainability initiatives, and green practices",corporate
Facilities Department,"Manages company buildings, maintenance, and office resources",corporate
Strategy Department,"Develops and implements long-term business strategies",corporate
Engineering Department,"Designs and develops technical solutions, products, and systems",corporate
Content Creation Department,"Creates written, visual, and multimedia content for marketing and communication",corporate
Business Development Department,"Identifies and pursues new business opportunities and partnerships",corporate
Information Security Department,"Protects data, networks, and systems from unauthorized access",corporate
Social Media Department,"Manages the companyâ€™s social media presence and engagement",corporate
Inventory Department,"Handles stock management, storage, and ordering of materials",corporate
Health and Safety Department,"Ensures workplace health, safety, and regulatory compliance",corporate
Legal Affairs Department,"Oversees all legal proceedings, corporate contracts, and disputes",corporate
Accounting Department,"Manages financial recordkeeping, audits, and taxation",corporate
Customer Experience Department,"Focuses on improving the overall customer journey and satisfaction",corporate
Innovation Department,"Drives innovation initiatives and explores new business models",corporate