First Name ,last name,email,,phone,position,,
William,Moore,william@test.com,,260774377320,Process Improvement Specialist,,
Carol,Brown,carol@test.com,,260779367018,Worship Director,,
Meagan,Davila,meagan@test.com,,260773542762,Campaign Manager,,
Teresa,Jordan,teresa@test.com,,260777827553,Procurement Officer,,
Edward,Smith,edward@test.com,,260772588523,Youth Coordinator,,
Michael,Perez,michael@test.com,,260775366169,System Administrator,,
Claire,Chang,claire@test.com,,260775267541,Missions Director,,
David,Vaughan,david@test.com,,260772528658,Children's Ministry Leader,,
Jenny,Carroll,jenny@test.com,,260773236875,Sales Representative,,
David,Garcia,david@test.com,,260779842355,Brand Manager,,
Shawn,Kaiser,shawn@test.com,,260772879833,Prototype Engineer,,
Pamela,Smith,pamela@test.com,,260779866847,Customer Support Manager,,
Michael,Anderson,michael@test.com,,260779475885,Church Secretary,,
Barbara,Nichols,barbara@test.com,,260774493681,Safety Officer,,
Jessica,Hines,jessica@test.com,,260774415064,Accounts Receivable Officer,,
Suzanne,Cox,suzanne@test.com,,260773675995,Worship Pastor,,
Rebecca,Bailey,rebecca@test.com,,260776646826,Security Analyst,,
Linda,Garrett,linda@test.com,,260776750485,Church Secretary,,
Angela,Sweeney,angela@test.com,,260771871425,IT Manager,,
Jennifer,Mcgee,jennifer@test.com,,260773331248,Warehouse Supervisor,,
Daniel,Russell,daniel@test.com,,260774730076,Penetration Tester,,
George,Hatfield,george@test.com,,260774206927,Chief Information Security Officer (CISO),,
Andrew,Miller,andrew@test.com,,260771550483,IT Manager,,
Caitlin,Johnson,caitlin@test.com,,260773641069,Penetration Tester,,
Robert,Whitehead,robert@test.com,,260773663358,Engineering Director,,
Stephanie,Pratt,stephanie@test.com,,260777824156,IT Support Specialist,,
Patrick,Dennis,patrick@test.com,,260777475063,Media Specialist,,
Shelby,Jensen,shelby@test.com,,260776358817,Sales Director,,
Christopher,Elliott,christopher@test.com,,260777739145,Technical Support Specialist,,
Marissa,Vasquez,marissa@test.com,,260774777028,Sound Technician,,
Phillip,Peck,phillip@test.com,,260775739022,Media Director,,
Nicholas,Guzman,nicholas@test.com,,260777178825,Business Development Executive,,
James,Melendez,james@test.com,,260771925446,Worship Pastor,,
Gabrielle,Smith,gabrielle@test.com,,260774780677,Sunday School Teacher,,
Kelli,Ortega,kelli@test.com,,260779624748,Volunteer Supervisor,,
Janet,Williams,janet@test.com,,260778061341,Youth Pastor,,
Stephen,Wilcox,stephen@test.com,,260772953606,Senior Pastor,,
Krystal,Kelly,krystal@test.com,,260775011278,Sound Technician,,
Nathan,Hernandez,nathan@test.com,,260775806967,Community Manager,,
Lauren,Miller,lauren@test.com,,260777489741,Senior Pastor,,
Emily,Rios,emily@test.com,,260777269175,Youth Pastor,,
Jill,Ramsey,jill@test.com,,260774904987,Volunteer Coordinator,,
Laura,Singleton,laura@test.com,,260776765196,Sound Technician,,
Lauren,Gutierrez,lauren@test.com,,260776898461,Church Administrator,,
Amy,Shah,amy@test.com,,260771439124,QA Engineer,,
Meredith,Paul,meredith@test.com,,260775510647,Livestream Technician,,
Craig,Morris,craig@test.com,,260778176941,IT Director,,
Craig,Soto,craig@test.com,,260777490827,Product Analyst,,
Albert,Brown,albert@test.com,,260775472740,Marketing Director,,
Jason,Smith,jason@test.com,,260771698097,Care Coordinator,,
Susan,Meyers,susan@test.com,,260775901670,Prototype Engineer,,
Eric,Stanley,eric@test.com,,260778536259,Social Media Manager,,
Amber,Lee,amber@test.com,,260776097487,R&D Director,,
Michael,Morris,michael@test.com,,260774759805,Engineering Director,,
Johnathan,Fuller,johnathan@test.com,,260773046628,Volunteer Supervisor,,
Lauren,Yang,lauren@test.com,,260779712224,Contract Manager,,
Erika,Young,erika@test.com,,260772779437,Security Analyst,,
Joshua,Craig,joshua@test.com,,260771459520,Prototype Engineer,,
Colleen,White,colleen@test.com,,260779597475,Digital Marketing Manager,,
Barry,Johnston,barry@test.com,,260772016914,Senior Pastor,,
Alexandria,Harris,alexandria@test.com,,260777173882,Sales Representative,,
Miguel,Schmitt,miguel@test.com,,260778431104,Evangelism Leader,,
April,Maldonado,april@test.com,,260773676251,Sales Manager,,
Shannon,Chapman,shannon@test.com,,260772168900,Administrator,,
Michelle,Washington,michelle@test.com,,260779427589,IT Support Specialist,,
Crystal,Williams,crystal@test.com,,260771652916,Software Engineer,,
Nicole,Snow,nicole@test.com,,260773149215,Youth Pastor,,
Chad,Glover,chad@test.com,,260775052274,Youth Leader,,
Adam,Hunt,adam@test.com,,260776129885,Administrative Assistant,,
Christina,Moore,christina@test.com,,260776709408,Operations Analyst,,
Robert,Sanders,robert@test.com,,260778363468,HR Officer,,
Louis,Ferrell,louis@test.com,,260778900164,Pastoral Counselor,,
Ann,Garcia,ann@test.com,,260778081969,Sales Manager,,
Alisha,Summers,alisha@test.com,,260774416819,Church Worker,,
Evelyn,Pope,evelyn@test.com,,260776254597,Brand Manager,,
Melissa,Wright,melissa@test.com,,260771482148,R&D Director,,
Jenny,Barron,jenny@test.com,,260771196810,Engineering Director,,
David,Hart,david@test.com,,260779837285,Video Editor,,
Jennifer,Garcia,jennifer@test.com,,260776122093,Church Secretary,,
Sherry,Williams,sherry@test.com,,260771201082,IT Support Specialist,,
Laura,Bartlett,laura@test.com,,260777924476,Event Coordinator,,
Rachel,Hill,rachel@test.com,,260777689006,Inventory Manager,,
Jay,Hendricks,jay@test.com,,260772569914,Associate Product Manager,,
Todd,Ray,todd@test.com,,260779065406,Sustainability Manager,,
Tamara,Valdez,tamara@test.com,,260776802033,Administrative Assistant,,
Jonathan,Jones,jonathan@test.com,,260778413078,HR Officer,,
Stephen,Cortez,stephen@test.com,,260771156415,HR Director,,
Margaret,Smith,margaret@test.com,,260772756297,Help Desk Technician,,
Ryan,Nielsen,ryan@test.com,,260779003575,Strategy Analyst,,
Thomas,Chan,thomas@test.com,,260772713813,Senior Pastor,,
Colin,Carpenter,colin@test.com,,260777523758,Children's Ministry Leader,,
Lindsey,Baker,lindsey@test.com,,260779811463,Customer Support Agent,,
Amanda,Miller,amanda@test.com,,260773216219,Administrative Assistant,,
Jessica,Thompson,jessica@test.com,,260774120252,Youth Coordinator,,
Mary,Gray,mary@test.com,,260779249461,Pastor,,
Natalie,Duran,natalie@test.com,,260771228016,Backend Developer,,
William,Welch,william@test.com,,260772455803,Prayer Coordinator,,
Crystal,Sexton,crystal@test.com,,260777908100,Care Coordinator,,
Lori,Miller,lori@test.com,,260775534095,Musician,,
Zachary,Pittman,zachary@test.com,,260778899005,Media Director,,
